variant,sample_size,actual_size_a,actual_size_b,n_repeats,fmd_mean,fmd_std,fmd_min,fmd_max,fmd_ci_lower,fmd_ci_upper
tok=REMI|model=MusicBERT|vel=on|quant=off,50,50,50,10,9.962114238739014,0.6713956226330735,8.974287986755371,11.300457000732422,9.068468713760376,11.191497945785523
tok=REMI|model=MusicBERT|vel=on|quant=off,100,100,100,10,6.880372047424316,0.16275757631256435,6.662993431091309,7.177938461303711,6.668854057788849,7.166518366336822
tok=REMI|model=MusicBERT|vel=on|quant=off,200,119,119,10,6.019807434082031,2.86102294921875e-07,6.019806861877441,6.019807815551758,6.019806969165802,6.019807815551758
tok=REMI|model=MusicBERT|vel=on|quant=off,500,119,119,10,6.019807529449463,4.370284743266907e-07,6.019806861877441,6.019808292388916,6.019806861877441,6.019808185100556
tok=REMI|model=MusicBERT|vel=off|quant=off,50,50,50,10,8.214385890960694,0.5881103864897671,7.0363664627075195,9.048643112182617,7.135231184959411,8.974169325828552
tok=REMI|model=MusicBERT|vel=off|quant=off,100,100,100,10,5.426896762847901,0.06461510986181035,5.279712200164795,5.496737480163574,5.298946964740753,5.494702434539795
tok=REMI|model=MusicBERT|vel=off|quant=off,200,119,119,10,4.91477484703064,1.430511474609375e-07,4.914774417877197,4.9147748947143555,4.914774525165558,4.9147748947143555
tok=REMI|model=MusicBERT|vel=off|quant=off,500,119,119,10,4.91477484703064,1.430511474609375e-07,4.914774417877197,4.9147748947143555,4.914774525165558,4.9147748947143555
tok=REMI|model=MusicBERT|vel=on|quant=on,50,50,50,10,10.199758338928223,0.4633339968938927,9.712407112121582,11.406071662902832,9.744470453262329,11.198729825019837
tok=REMI|model=MusicBERT|vel=on|quant=on,100,100,100,10,6.768069934844971,0.09653751010163777,6.561765670776367,6.903512954711914,6.589637899398804,6.898242843151093
tok=REMI|model=MusicBERT|vel=on|quant=on,200,119,119,10,6.019807577133179,2.384185791015625e-07,6.0198073387146,6.019807815551758,6.0198073387146,6.019807815551758
tok=REMI|model=MusicBERT|vel=on|quant=on,500,119,119,10,6.019807624816894,3.1629798797182086e-07,6.0198073387146,6.019808292388916,6.0198073387146,6.019808185100556
tok=REMI|model=MusicBERT|vel=off|quant=on,50,50,50,10,8.340635681152344,0.48115207719508457,7.409222602844238,8.95542049407959,7.52880277633667,8.928834223747254
tok=REMI|model=MusicBERT|vel=off|quant=on,100,100,100,10,5.502414894104004,0.09296398296051235,5.380762100219727,5.628966808319092,5.383260524272918,5.624799728393555
tok=REMI|model=MusicBERT|vel=off|quant=on,200,119,119,10,4.91477484703064,2.5678466830894965e-07,4.914774417877197,4.914775371551514,4.914774417877197,4.914775264263153
tok=REMI|model=MusicBERT|vel=off|quant=on,500,119,119,10,4.914774942398071,2.5678466830894965e-07,4.914774417877197,4.914775371551514,4.914774525165558,4.914775371551514
tok=REMI|model=MusicBERT-large|vel=on|quant=off,50,50,50,10,1744.6710083007813,96.84414891079658,1599.4029541015625,1899.468505859375,1611.2233093261718,1896.8205810546874
tok=REMI|model=MusicBERT-large|vel=on|quant=off,100,100,100,10,1740.9426147460938,23.308042899508397,1711.799072265625,1794.8521728515625,1713.0924377441406,1787.268118286133
tok=REMI|model=MusicBERT-large|vel=on|quant=off,200,119,119,10,1726.2837036132812,3.662109375e-05,1726.28369140625,1726.2838134765625,1726.28369140625,1726.2837860107422
tok=REMI|model=MusicBERT-large|vel=on|quant=off,500,119,119,10,1726.2837158203124,4.8828125e-05,1726.28369140625,1726.2838134765625,1726.28369140625,1726.2838134765625
tok=REMI|model=MusicBERT-large|vel=off|quant=off,50,50,50,10,19.368067932128906,1.2767004106499305,17.299617767333984,21.700685501098633,17.485643768310545,21.505150318145752
tok=REMI|model=MusicBERT-large|vel=off|quant=off,100,100,100,10,13.546665573120118,0.3649580649792206,12.987890243530273,14.136589050292969,13.046979522705078,14.134584045410156
tok=REMI|model=MusicBERT-large|vel=off|quant=off,200,119,119,10,12.267984676361085,4.370284743266906e-07,12.267984390258789,12.267985343933105,12.267984390258789,12.267985343933105
tok=REMI|model=MusicBERT-large|vel=off|quant=off,500,119,119,10,12.267984771728516,4.672030911985737e-07,12.267984390258789,12.267985343933105,12.267984390258789,12.267985343933105
tok=REMI|model=MusicBERT-large|vel=on|quant=on,50,50,50,10,1787.3447509765624,81.39091966609742,1644.922607421875,1916.472412109375,1659.2040100097656,1912.4798706054687
tok=REMI|model=MusicBERT-large|vel=on|quant=on,100,100,100,10,1747.0655029296875,28.33634932897901,1691.08544921875,1782.939697265625,1696.3183471679688,1782.066860961914
tok=REMI|model=MusicBERT-large|vel=on|quant=on,200,119,119,10,1726.2837646484375,8.097228492078614e-05,1726.28369140625,1726.283935546875,1726.28369140625,1726.2839080810547
tok=REMI|model=MusicBERT-large|vel=on|quant=on,500,119,119,10,1726.2837036132812,3.662109375e-05,1726.28369140625,1726.2838134765625,1726.28369140625,1726.2837860107422
tok=REMI|model=MusicBERT-large|vel=off|quant=on,50,50,50,10,19.435974884033204,0.9527768330294988,17.938810348510742,21.301509857177734,18.086027574539184,21.17810935974121
tok=REMI|model=MusicBERT-large|vel=off|quant=on,100,100,100,10,13.478458213806153,0.3886696266557988,12.848483085632324,14.20026969909668,12.869338011741638,14.123646068572999
tok=REMI|model=MusicBERT-large|vel=off|quant=on,200,119,119,10,12.26798505783081,4.370284743266907e-07,12.267984390258789,12.267985343933105,12.267984390258789,12.267985343933105
tok=REMI|model=MusicBERT-large|vel=off|quant=on,500,119,119,10,12.267984580993652,3.814697265625e-07,12.267984390258789,12.267985343933105,12.267984390258789,12.267985343933105
tok=REMI|model=MERT|vel=on|quant=off,50,50,50,10,1241.3549438476562,12.538705509255601,1214.8216552734375,1255.0738525390625,1216.5201416015625,1254.2636657714843
tok=REMI|model=MERT|vel=on|quant=off,100,100,100,10,1089.29287109375,5.986406740055109,1082.098388671875,1097.77099609375,1082.1476623535157,1097.505841064453
tok=REMI|model=MERT|vel=on|quant=off,200,119,119,10,1043.2861328125,0.0,1043.2861328125,1043.2861328125,1043.2861328125,1043.2861328125
tok=REMI|model=MERT|vel=on|quant=off,500,119,119,10,1043.2861328125,0.0,1043.2861328125,1043.2861328125,1043.2861328125,1043.2861328125
tok=REMI|model=MERT|vel=off|quant=off,50,50,50,10,1237.56982421875,5.571848777317765,1223.7618408203125,1243.4375,1225.627182006836,1243.1141723632813
tok=REMI|model=MERT|vel=off|quant=off,100,100,100,10,1084.9370361328124,4.9730984061362955,1079.1412353515625,1094.3858642578125,1079.51279296875,1093.963604736328
tok=REMI|model=MERT|vel=off|quant=off,200,119,119,10,1039.32177734375,0.0,1039.32177734375,1039.32177734375,1039.32177734375,1039.32177734375
tok=REMI|model=MERT|vel=off|quant=off,500,119,119,10,1039.32177734375,0.0,1039.32177734375,1039.32177734375,1039.32177734375,1039.32177734375
tok=REMI|model=MERT|vel=on|quant=on,50,50,50,10,1244.8399169921875,9.592709475761017,1221.943603515625,1259.9112548828125,1225.9226318359374,1258.3144470214843
tok=REMI|model=MERT|vel=on|quant=on,100,100,100,10,1087.7709838867188,5.833836406661375,1082.8092041015625,1101.1904296875,1082.9120635986328,1100.0930603027343
tok=REMI|model=MERT|vel=on|quant=on,200,119,119,10,1043.2861328125,0.0,1043.2861328125,1043.2861328125,1043.2861328125,1043.2861328125
tok=REMI|model=MERT|vel=on|quant=on,500,119,119,10,1043.2861328125,0.0,1043.2861328125,1043.2861328125,1043.2861328125,1043.2861328125
tok=REMI|model=MERT|vel=off|quant=on,50,50,50,10,1232.942236328125,14.003360320618734,1203.2572021484375,1253.446533203125,1206.333676147461,1252.6009979248047
tok=REMI|model=MERT|vel=off|quant=on,100,100,100,10,1085.7106567382812,4.6817398754798365,1077.468505859375,1093.6278076171875,1078.1324920654297,1092.816714477539
tok=REMI|model=MERT|vel=off|quant=on,200,119,119,10,1039.32177734375,0.0,1039.32177734375,1039.32177734375,1039.32177734375,1039.32177734375
tok=REMI|model=MERT|vel=off|quant=on,500,119,119,10,1039.32177734375,0.0,1039.32177734375,1039.32177734375,1039.32177734375,1039.32177734375
tok=REMI|model=NLP-Baseline|vel=on|quant=off,50,50,50,10,0.10056320205330849,0.009330735211840094,0.08694835007190704,0.11422877013683319,0.08728559762239456,0.11328162848949433
tok=REMI|model=NLP-Baseline|vel=on|quant=off,100,100,100,10,0.06010380983352661,0.0033159513350604643,0.05551987141370773,0.06479766964912415,0.05564781781286001,0.06478450335562229
tok=REMI|model=NLP-Baseline|vel=on|quant=off,200,119,119,10,0.052501552551984784,3.650024149988857e-09,0.05250154435634613,0.052501559257507324,0.05250154603272676,0.05250155841931701
tok=REMI|model=NLP-Baseline|vel=on|quant=off,500,119,119,10,0.05250155180692673,4.998001405968792e-09,0.05250154435634613,0.052501559257507324,0.05250154435634613,0.052501559257507324
tok=REMI|model=NLP-Baseline|vel=off|quant=off,50,50,50,10,0.08785696253180504,0.008031240786344407,0.0728948786854744,0.09964863210916519,0.07392800189554691,0.09928704351186753
tok=REMI|model=NLP-Baseline|vel=off|quant=off,100,100,100,10,0.05223197638988495,0.003773930779230075,0.04402788355946541,0.058104924857616425,0.04531044634059071,0.05770017700269818
tok=REMI|model=NLP-Baseline|vel=off|quant=off,200,119,119,10,0.04710218384861946,3.6500241499888573e-09,0.047102175652980804,0.047102190554142,0.047102177329361436,0.04710218971595168
tok=REMI|model=NLP-Baseline|vel=off|quant=off,500,119,119,10,0.047102184221148494,4.423537137746035e-09,0.047102175652980804,0.047102190554142,0.04710217649117112,0.047102190554142
tok=REMI|model=NLP-Baseline|vel=on|quant=on,50,50,50,10,0.09913155436515808,0.011430698266685996,0.08633189648389816,0.12266327440738678,0.08696359358727931,0.12010623067617417
tok=REMI|model=NLP-Baseline|vel=on|quant=on,100,100,100,10,0.06125261373817921,0.003072345456004836,0.056062791496515274,0.0667232871055603,0.05661691157147288,0.06621547285467386
tok=REMI|model=NLP-Baseline|vel=on|quant=on,200,119,119,10,0.052501550316810607,4.148307712994532e-09,0.05250154435634613,0.052501559257507324,0.05250154435634613,0.05250155758112669
tok=REMI|model=NLP-Baseline|vel=on|quant=on,500,119,119,10,0.05250154919922352,3.3527612686157227e-09,0.05250154435634613,0.05250155180692673,0.05250154435634613,0.05250155180692673
tok=REMI|model=NLP-Baseline|vel=off|quant=on,50,50,50,10,0.08501734510064125,0.014770668254135437,0.07368223369121552,0.12713712453842163,0.07369255684316159,0.11832440998405219
tok=REMI|model=NLP-Baseline|vel=off|quant=on,100,100,100,10,0.051357750222086905,0.0032234769873385094,0.0444248728454113,0.055608853697776794,0.04509508227929473,0.055419139377772805
tok=REMI|model=NLP-Baseline|vel=off|quant=on,200,119,119,10,0.04710218496620655,4.16500117164066e-09,0.047102175652980804,0.047102190554142,0.047102177329361436,0.047102190554142
tok=REMI|model=NLP-Baseline|vel=off|quant=on,500,119,119,10,0.04710218012332916,5.475036224983286e-09,0.047102171927690506,0.047102190554142,0.047102171927690506,0.04710218887776137
tok=REMI|model=CLaMP-1|vel=on|quant=off,50,50,50,10,0.041060072183609006,0.0027261548489686902,0.03572264686226845,0.04550117999315262,0.03612139830365777,0.04498926447704434
tok=REMI|model=CLaMP-1|vel=on|quant=off,100,100,100,10,0.02527833040803671,0.000731316357553714,0.024411296471953392,0.026386559009552002,0.024415015103295447,0.026372609846293926
tok=REMI|model=CLaMP-1|vel=on|quant=off,200,119,119,10,0.02191958241164684,7.450580596923828e-10,0.021919582039117813,0.021919583901762962,0.021919582039117813,0.021919583901762962
tok=REMI|model=CLaMP-1|vel=on|quant=off,500,119,119,10,0.02191958259791136,8.535712389193176e-10,0.021919582039117813,0.021919583901762962,0.021919582039117813,0.021919583901762962
tok=REMI|model=CLaMP-1|vel=off|quant=off,50,50,50,10,0.04171370901167393,0.0032698111776366255,0.037329256534576416,0.04709731787443161,0.03766788374632597,0.04707192238420248
tok=REMI|model=CLaMP-1|vel=off|quant=off,100,100,100,10,0.02491681445389986,0.0007940804529107436,0.023835670202970505,0.026196157559752464,0.023891455959528685,0.026149745704606174
tok=REMI|model=CLaMP-1|vel=off|quant=off,200,119,119,10,0.022168360836803912,5.587935447692871e-10,0.022168360650539398,0.022168362513184547,0.022168360650539398,0.02216836209408939
tok=REMI|model=CLaMP-1|vel=off|quant=off,500,119,119,10,0.022168361023068427,7.450580596923829e-10,0.022168360650539398,0.022168362513184547,0.022168360650539398,0.022168362513184547
tok=REMI|model=CLaMP-1|vel=on|quant=on,50,50,50,10,0.042540169507265094,0.0034260225941121,0.03728722035884857,0.050782255828380585,0.037696150783449414,0.0492582087405026
tok=REMI|model=CLaMP-1|vel=on|quant=on,100,100,100,10,0.025216714665293693,0.00045951128698170984,0.024267666041851044,0.025750748813152313,0.02437530979514122,0.025743660237640142
tok=REMI|model=CLaMP-1|vel=on|quant=on,200,119,119,10,0.02191958241164684,7.450580596923828e-10,0.021919582039117813,0.021919583901762962,0.021919582039117813,0.021919583901762962
tok=REMI|model=CLaMP-1|vel=on|quant=on,500,119,119,10,0.02191958241164684,7.450580596923829e-10,0.021919582039117813,0.021919583901762962,0.021919582039117813,0.021919583901762962
tok=REMI|model=CLaMP-1|vel=off|quant=on,50,50,50,10,0.041856713593006134,0.0023278635057526463,0.039351120591163635,0.046466998755931854,0.03935544565320015,0.04624675754457712
tok=REMI|model=CLaMP-1|vel=off|quant=on,100,100,100,10,0.025249756500124933,0.0007738337212577825,0.02405654266476631,0.026194758713245392,0.024076349940150975,0.02619094620458782
tok=REMI|model=CLaMP-1|vel=off|quant=on,200,119,119,10,0.022168361581861973,9.313225746154785e-10,0.022168360650539398,0.022168362513184547,0.022168360650539398,0.022168362513184547
tok=REMI|model=CLaMP-1|vel=off|quant=on,500,119,119,10,0.022168360836803912,5.587935447692871e-10,0.022168360650539398,0.022168362513184547,0.022168360650539398,0.02216836209408939
tok=REMI|model=CLaMP-2|vel=on|quant=off,50,50,50,10,0.17259368747472764,0.0264892886595557,0.13286462426185608,0.2061399221420288,0.13370217755436897,0.20478268079459666
tok=REMI|model=CLaMP-2|vel=on|quant=off,100,100,100,10,0.10126457661390305,0.0060476926776320055,0.09448893368244171,0.11108377575874329,0.09457457661628724,0.1106263803318143
tok=REMI|model=CLaMP-2|vel=on|quant=off,200,119,119,10,0.09109811782836914,3.650024149988857e-09,0.0910981148481369,0.0910981222987175,0.0910981148481369,0.0910981222987175
tok=REMI|model=CLaMP-2|vel=on|quant=off,500,119,119,10,0.0910981185734272,3.725290298461914e-09,0.0910981148481369,0.0910981222987175,0.0910981148481369,0.0910981222987175
tok=REMI|model=CLaMP-2|vel=off|quant=off,50,50,50,10,0.20195748955011367,0.02796626889192146,0.1677735447883606,0.2646052837371826,0.16812754943966865,0.25696479678153994
tok=REMI|model=CLaMP-2|vel=off|quant=off,100,100,100,10,0.1445145308971405,0.008629814130440295,0.13265131413936615,0.15810871124267578,0.13266493640840055,0.1571709740906954
tok=REMI|model=CLaMP-2|vel=off|quant=off,200,119,119,10,0.13979021906852723,5.960464477539063e-09,0.13979020714759827,0.13979022204875946,0.13979020714759827,0.13979022204875946
tok=REMI|model=CLaMP-2|vel=off|quant=off,500,119,119,10,0.13979021459817886,7.450580596923828e-09,0.13979020714759827,0.13979022204875946,0.13979020714759827,0.13979022204875946
tok=REMI|model=CLaMP-2|vel=on|quant=on,50,50,50,10,0.17170803248882294,0.02540073785383037,0.14579054713249207,0.22119265794754028,0.14610776863992214,0.22014825269579888
tok=REMI|model=CLaMP-2|vel=on|quant=on,100,100,100,10,0.10472990199923515,0.007096911143763074,0.09264558553695679,0.11686119437217712,0.09362353906035423,0.11618203558027744
tok=REMI|model=CLaMP-2|vel=on|quant=on,200,119,119,10,0.09109811931848526,3.650024149988857e-09,0.0910981148481369,0.0910981222987175,0.0910981148481369,0.0910981222987175
tok=REMI|model=CLaMP-2|vel=on|quant=on,500,119,119,10,0.0910981185734272,3.725290298461914e-09,0.0910981148481369,0.0910981222987175,0.0910981148481369,0.0910981222987175
tok=REMI|model=CLaMP-2|vel=off|quant=on,50,50,50,10,0.23030626624822617,0.04637468707047039,0.1656145453453064,0.31347906589508057,0.1669427551329136,0.3048016302287579
tok=REMI|model=CLaMP-2|vel=off|quant=on,100,100,100,10,0.14328354224562645,0.01579373985482733,0.10931206494569778,0.16715951263904572,0.11518907826393843,0.16703882329165937
tok=REMI|model=CLaMP-2|vel=off|quant=on,200,119,119,10,0.1397902175784111,6.828569911354541e-09,0.13979020714759827,0.13979022204875946,0.13979020714759827,0.13979022204875946
tok=REMI|model=CLaMP-2|vel=off|quant=on,500,119,119,10,0.13979021906852723,5.960464477539063e-09,0.13979020714759827,0.13979022204875946,0.13979020714759827,0.13979022204875946
tok=TSD|model=MusicBERT|vel=on|quant=off,50,50,50,10,9.219354248046875,0.6372510012933484,8.048913955688477,10.373970985412598,8.180606985092163,10.28655264377594
tok=TSD|model=MusicBERT|vel=on|quant=off,100,100,100,10,6.080303621292114,0.23223832106347733,5.704334735870361,6.500635147094727,5.717399990558624,6.465557217597961
tok=TSD|model=MusicBERT|vel=on|quant=off,200,119,119,10,5.539885663986206,3.7242172603162076e-07,5.5398850440979,5.539886474609375,5.539885151386261,5.539886367321015
tok=TSD|model=MusicBERT|vel=on|quant=off,500,119,119,10,5.539885807037353,3.1629798797182086e-07,5.539885520935059,5.539886474609375,5.539885520935059,5.539886367321015
tok=TSD|model=MusicBERT|vel=off|quant=off,50,50,50,10,7.1116186618804935,0.49673021051438554,6.555429935455322,8.036832809448242,6.562326431274414,7.957062196731568
tok=TSD|model=MusicBERT|vel=off|quant=off,100,100,100,10,4.755936002731323,0.16010828269312624,4.472851753234863,5.035406589508057,4.486544001102447,5.013043832778931
tok=TSD|model=MusicBERT|vel=off|quant=off,200,119,119,10,4.228798055648804,3.7242172603162076e-07,4.228797435760498,4.2287983894348145,4.228797435760498,4.2287983894348145
tok=TSD|model=MusicBERT|vel=off|quant=off,500,119,119,10,4.228798532485962,4.792154131470151e-07,4.228797435760498,4.228798866271973,4.2287975430488585,4.228798866271973
tok=TSD|model=MusicBERT|vel=on|quant=on,50,50,50,10,9.005772256851197,0.7493838847422472,7.8598785400390625,10.626104354858398,7.8804876685142515,10.366162252426149
tok=TSD|model=MusicBERT|vel=on|quant=on,100,100,100,10,6.26109733581543,0.18702775267451335,5.895669937133789,6.534214973449707,5.944036710262298,6.519811081886291
tok=TSD|model=MusicBERT|vel=on|quant=on,200,119,119,10,5.539885807037353,5.309833872633002e-07,5.5398850440979,5.539886474609375,5.5398850440979,5.539886474609375
tok=TSD|model=MusicBERT|vel=on|quant=on,500,119,119,10,5.539885759353638,4.88612688348751e-07,5.5398850440979,5.539886474609375,5.539885151386261,5.539886474609375
tok=TSD|model=MusicBERT|vel=off|quant=on,50,50,50,10,7.015999889373779,0.5257355156078474,6.093015670776367,7.795597076416016,6.166485559940338,7.789939117431641
tok=TSD|model=MusicBERT|vel=off|quant=on,100,100,100,10,4.718156576156616,0.1161357277513899,4.594029426574707,4.982144355773926,4.602999269962311,4.958878874778748
tok=TSD|model=MusicBERT|vel=off|quant=on,200,119,119,10,4.228798198699951,3.1629798797182086e-07,4.228797912597656,4.228798866271973,4.228797912597656,4.228798758983612
tok=TSD|model=MusicBERT|vel=off|quant=on,500,119,119,10,4.2287983894348145,3.015782985847835e-07,4.228797912597656,4.228798866271973,4.228797912597656,4.228798866271973
tok=TSD|model=MusicBERT-large|vel=on|quant=off,50,50,50,10,22.32923107147217,0.8948377153772635,20.25551986694336,23.724790573120117,20.525404596328734,23.55722846984863
tok=TSD|model=MusicBERT-large|vel=on|quant=off,100,100,100,10,15.833584403991699,0.30440905905682186,15.436814308166504,16.261629104614258,15.442407464981079,16.25666766166687
tok=TSD|model=MusicBERT-large|vel=on|quant=off,200,119,119,10,14.28236436843872,6.397441799640054e-07,14.282363891601562,14.282365798950195,14.282363891601562,14.282365584373474
tok=TSD|model=MusicBERT-large|vel=on|quant=off,500,119,119,10,14.28236427307129,4.672030911985737e-07,14.282363891601562,14.282364845275879,14.282363891601562,14.282364845275879
tok=TSD|model=MusicBERT-large|vel=off|quant=off,50,50,50,10,20.56256980895996,1.0254047088316451,18.968460083007812,22.425142288208008,19.05596532821655,22.232955360412596
tok=TSD|model=MusicBERT-large|vel=off|quant=off,100,100,100,10,13.764452743530274,0.3764502349372497,13.046161651611328,14.278548240661621,13.105327534675599,14.25952751636505
tok=TSD|model=MusicBERT-large|vel=off|quant=off,200,119,119,10,12.565000343322755,5.7220458984375e-07,12.5649995803833,12.565001487731934,12.5649995803833,12.565001273155213
tok=TSD|model=MusicBERT-large|vel=off|quant=off,500,119,119,10,12.565000057220459,4.76837158203125e-07,12.5649995803833,12.565000534057617,12.5649995803833,12.565000534057617
tok=TSD|model=MusicBERT-large|vel=on|quant=on,50,50,50,10,22.624287414550782,0.9416748789815939,21.06990623474121,24.000137329101562,21.082589864730835,23.900632524490355
tok=TSD|model=MusicBERT-large|vel=on|quant=on,100,100,100,10,15.783089923858643,0.22607551751564856,15.396247863769531,16.128568649291992,15.420531940460204,16.104494857788087
tok=TSD|model=MusicBERT-large|vel=on|quant=on,200,119,119,10,14.28236427307129,4.672030911985737e-07,14.282363891601562,14.282364845275879,14.282363891601562,14.282364845275879
tok=TSD|model=MusicBERT-large|vel=on|quant=on,500,119,119,10,14.28236436843872,4.76837158203125e-07,14.282363891601562,14.282364845275879,14.282363891601562,14.282364845275879
tok=TSD|model=MusicBERT-large|vel=off|quant=on,50,50,50,10,19.216697883605956,0.9245088767472212,17.794830322265625,20.775554656982422,17.822109031677247,20.60870795249939
tok=TSD|model=MusicBERT-large|vel=off|quant=on,100,100,100,10,13.79120855331421,0.23319332026656328,13.36234188079834,14.127582550048828,13.389988160133361,14.110085105895996
tok=TSD|model=MusicBERT-large|vel=off|quant=on,200,119,119,10,12.565000343322755,3.814697265625e-07,12.5649995803833,12.565000534057617,12.5649995803833,12.565000534057617
tok=TSD|model=MusicBERT-large|vel=off|quant=on,500,119,119,10,12.565000343322755,3.814697265625e-07,12.5649995803833,12.565000534057617,12.5649995803833,12.565000534057617
tok=TSD|model=MERT|vel=on|quant=off,50,50,50,10,1235.46806640625,14.073765658968657,1206.1395263671875,1249.891845703125,1208.2306091308594,1249.154278564453
tok=TSD|model=MERT|vel=on|quant=off,100,100,100,10,1082.0806030273438,5.991327673946068,1075.54638671875,1093.788330078125,1075.8624359130858,1093.2873260498047
tok=TSD|model=MERT|vel=on|quant=off,200,119,119,10,1037.759033203125,0.0,1037.759033203125,1037.759033203125,1037.759033203125,1037.759033203125
tok=TSD|model=MERT|vel=on|quant=off,500,119,119,10,1037.759033203125,0.0,1037.759033203125,1037.759033203125,1037.759033203125,1037.759033203125
tok=TSD|model=MERT|vel=off|quant=off,50,50,50,10,1228.573583984375,11.246307393913694,1209.73974609375,1247.8184814453125,1211.1136138916015,1246.0821197509765
tok=TSD|model=MERT|vel=off|quant=off,100,100,100,10,1082.6588012695313,3.620931347843981,1078.789794921875,1089.0064697265625,1078.8365966796875,1088.8090454101562
tok=TSD|model=MERT|vel=off|quant=off,200,119,119,10,1038.0743408203125,0.0,1038.0743408203125,1038.0743408203125,1038.0743408203125,1038.0743408203125
tok=TSD|model=MERT|vel=off|quant=off,500,119,119,10,1038.0743408203125,0.0,1038.0743408203125,1038.0743408203125,1038.0743408203125,1038.0743408203125
tok=TSD|model=MERT|vel=on|quant=on,50,50,50,10,1236.2658447265626,7.247037108632738,1220.5531005859375,1246.809814453125,1222.7181488037108,1246.650650024414
tok=TSD|model=MERT|vel=on|quant=on,100,100,100,10,1084.2349487304687,5.0471035415614285,1075.7645263671875,1091.63525390625,1076.7844696044922,1091.3885559082032
tok=TSD|model=MERT|vel=on|quant=on,200,119,119,10,1037.759033203125,0.0,1037.759033203125,1037.759033203125,1037.759033203125,1037.759033203125
tok=TSD|model=MERT|vel=on|quant=on,500,119,119,10,1037.759033203125,0.0,1037.759033203125,1037.759033203125,1037.759033203125,1037.759033203125
tok=TSD|model=MERT|vel=off|quant=on,50,50,50,10,1233.389453125,7.951933050713552,1221.935302734375,1244.6593017578125,1222.3032623291015,1243.7499633789062
tok=TSD|model=MERT|vel=off|quant=on,100,100,100,10,1081.3528930664063,4.565771136875962,1076.6956787109375,1093.57568359375,1077.0655609130858,1091.3381805419922
tok=TSD|model=MERT|vel=off|quant=on,200,119,119,10,1038.0743408203125,0.0,1038.0743408203125,1038.0743408203125,1038.0743408203125,1038.0743408203125
tok=TSD|model=MERT|vel=off|quant=on,500,119,119,10,1038.0743408203125,0.0,1038.0743408203125,1038.0743408203125,1038.0743408203125,1038.0743408203125
tok=TSD|model=NLP-Baseline|vel=on|quant=off,50,50,50,10,0.20129540413618088,0.03431642569619178,0.14674896001815796,0.2626442015171051,0.15020502656698226,0.2568426806479693
tok=TSD|model=NLP-Baseline|vel=on|quant=off,100,100,100,10,0.12859648317098618,0.010546315769266167,0.10741783678531647,0.14354127645492554,0.10902381613850594,0.14256982393562795
tok=TSD|model=NLP-Baseline|vel=on|quant=off,200,119,119,10,0.11586284562945366,6.188917057900186e-09,0.11586283147335052,0.11586285382509232,0.11586283314973116,0.11586285382509232
tok=TSD|model=NLP-Baseline|vel=on|quant=off,500,119,119,10,0.11586284339427948,3.650024149988857e-09,0.11586283892393112,0.11586284637451172,0.11586283892393112,0.11586284637451172
tok=TSD|model=NLP-Baseline|vel=off|quant=off,50,50,50,10,0.16262737959623336,0.014909036750815485,0.1492995321750641,0.20192407071590424,0.14983982630074025,0.19538078494369984
tok=TSD|model=NLP-Baseline|vel=off|quant=off,100,100,100,10,0.09739946499466896,0.006524380717954687,0.0889056921005249,0.10885759443044662,0.08948270734399558,0.10879406463354827
tok=TSD|model=NLP-Baseline|vel=off|quant=off,200,119,119,10,0.08554959073662757,4.770699320310987e-09,0.08554958552122116,0.08554960042238235,0.08554958552122116,0.08554959874600172
tok=TSD|model=NLP-Baseline|vel=off|quant=off,500,119,119,10,0.08554958552122116,5.7711949142924205e-09,0.08554957807064056,0.08554959297180176,0.08554957807064056,0.08554959297180176
tok=TSD|model=NLP-Baseline|vel=on|quant=on,50,50,50,10,0.21446600407361985,0.01890558686173815,0.18228599429130554,0.24831077456474304,0.18419016487896442,0.24471257776021957
tok=TSD|model=NLP-Baseline|vel=on|quant=on,100,100,100,10,0.13148945346474647,0.008029994142744456,0.11624745279550552,0.13940034806728363,0.11641125362366438,0.1391799844801426
tok=TSD|model=NLP-Baseline|vel=on|quant=on,200,119,119,10,0.11586284413933753,4.770699320310987e-09,0.11586283147335052,0.11586284637451172,0.11586283314973116,0.11586284637451172
tok=TSD|model=NLP-Baseline|vel=on|quant=on,500,119,119,10,0.11586284786462783,2.9802322387695314e-09,0.11586284637451172,0.11586285382509232,0.11586284637451172,0.11586285382509232
tok=TSD|model=NLP-Baseline|vel=off|quant=on,50,50,50,10,0.16703422069549562,0.03461597206320573,0.1312943547964096,0.2481997311115265,0.1320901494473219,0.23911701366305352
tok=TSD|model=NLP-Baseline|vel=off|quant=on,100,100,100,10,0.09744540303945541,0.005478869080491797,0.08926355093717575,0.1063881665468216,0.08952627833932639,0.10572105087339878
tok=TSD|model=NLP-Baseline|vel=off|quant=on,200,119,119,10,0.08554958775639535,5.819089469244074e-09,0.08554957807064056,0.08554959297180176,0.08554957807064056,0.08554959297180176
tok=TSD|model=NLP-Baseline|vel=off|quant=on,500,119,119,10,0.08554958701133727,6.4952655785391835e-09,0.08554957807064056,0.08554959297180176,0.08554957807064056,0.08554959297180176
tok=TSD|model=CLaMP-1|vel=on|quant=off,50,50,50,10,0.04533445350825786,0.0032797866779843182,0.03991695120930672,0.050123050808906555,0.039971141051501034,0.050086128525435925
tok=TSD|model=CLaMP-1|vel=on|quant=off,100,100,100,10,0.0255752332508564,0.0006216003336980664,0.024587243795394897,0.026498250663280487,0.024634895753115414,0.026428140234202147
tok=TSD|model=CLaMP-1|vel=on|quant=off,200,119,119,10,0.022157699801027775,9.313225746154785e-10,0.0221576988697052,0.02215770073235035,0.0221576988697052,0.02215770073235035
tok=TSD|model=CLaMP-1|vel=on|quant=off,500,119,119,10,0.022157700173556803,8.535712389193176e-10,0.0221576988697052,0.02215770073235035,0.0221576988697052,0.02215770073235035
tok=TSD|model=CLaMP-1|vel=off|quant=off,50,50,50,10,0.042527330294251445,0.0030291316550109275,0.03922571241855621,0.04862404987215996,0.03926820866763592,0.04819683013483882
tok=TSD|model=CLaMP-1|vel=off|quant=off,100,100,100,10,0.025760086439549922,0.0007667424681120697,0.02430226281285286,0.026961691677570343,0.024472846277058126,0.026872120145708323
tok=TSD|model=CLaMP-1|vel=off|quant=off,200,119,119,10,0.022040188312530518,0.0,0.022040188312530518,0.022040188312530518,0.022040188312530518,0.022040188312530518
tok=TSD|model=CLaMP-1|vel=off|quant=off,500,119,119,10,0.022040188498795032,5.587935447692871e-10,0.022040188312530518,0.022040190175175667,0.022040188312530518,0.02204018975608051
tok=TSD|model=CLaMP-1|vel=on|quant=on,50,50,50,10,0.04290030859410763,0.002003142128011344,0.03991657495498657,0.04576726257801056,0.03997705709189177,0.04569224119186401
tok=TSD|model=CLaMP-1|vel=on|quant=on,100,100,100,10,0.025722185894846917,0.0008084235074568048,0.02455444633960724,0.026849405840039253,0.024573869723826646,0.026792369922623037
tok=TSD|model=CLaMP-1|vel=on|quant=on,200,119,119,10,0.022157700173556803,8.535712389193176e-10,0.0221576988697052,0.02215770073235035,0.0221576988697052,0.02215770073235035
tok=TSD|model=CLaMP-1|vel=on|quant=on,500,119,119,10,0.02215769998729229,9.125060374972142e-10,0.0221576988697052,0.02215770073235035,0.0221576988697052,0.02215770073235035
tok=TSD|model=CLaMP-1|vel=off|quant=on,50,50,50,10,0.043599731475114825,0.004068224570509078,0.03908010572195053,0.05299878492951393,0.039099291898310184,0.05158976102247834
tok=TSD|model=CLaMP-1|vel=off|quant=on,100,100,100,10,0.024922415614128113,0.0006338650659109599,0.02379814349114895,0.026062078773975372,0.02389863538555801,0.025932915322482587
tok=TSD|model=CLaMP-1|vel=off|quant=on,200,119,119,10,0.022040188312530518,0.0,0.022040188312530518,0.022040188312530518,0.022040188312530518,0.022040188312530518
tok=TSD|model=CLaMP-1|vel=off|quant=on,500,119,119,10,0.022040188498795032,5.587935447692871e-10,0.022040188312530518,0.022040190175175667,0.022040188312530518,0.02204018975608051
tok=TSD|model=CLaMP-2|vel=on|quant=off,50,50,50,10,0.2082523599267006,0.04014102673742044,0.17484654486179352,0.3259378671646118,0.17827288582921028,0.29927846305072314
tok=TSD|model=CLaMP-2|vel=on|quant=off,100,100,100,10,0.15134458392858505,0.00984164301155288,0.13783949613571167,0.16983866691589355,0.13848952613770962,0.16807062849402427
tok=TSD|model=CLaMP-2|vel=on|quant=off,200,119,119,10,0.13447881639003753,7.300048299977714e-09,0.13447880744934082,0.13447882235050201,0.13447880744934082,0.13447882235050201
tok=TSD|model=CLaMP-2|vel=on|quant=off,500,119,119,10,0.13447881788015364,6.828569911354541e-09,0.13447880744934082,0.13447882235050201,0.13447880744934082,0.13447882235050201
tok=TSD|model=CLaMP-2|vel=off|quant=off,50,50,50,10,0.11808711960911751,0.01195114704954005,0.0997399389743805,0.1327696144580841,0.10095389671623707,0.13273037374019622
tok=TSD|model=CLaMP-2|vel=off|quant=off,100,100,100,10,0.08072552904486656,0.004949032450116232,0.07472465187311172,0.09359025955200195,0.07499602269381285,0.09144408162683249
tok=TSD|model=CLaMP-2|vel=off|quant=off,200,119,119,10,0.07008710503578186,0.0,0.07008710503578186,0.07008710503578186,0.07008710503578186,0.07008710503578186
tok=TSD|model=CLaMP-2|vel=off|quant=off,500,119,119,10,0.07008710503578186,0.0,0.07008710503578186,0.07008710503578186,0.07008710503578186,0.07008710503578186
tok=TSD|model=CLaMP-2|vel=on|quant=on,50,50,50,10,0.21807185262441636,0.03340726252008375,0.15962977707386017,0.2652449905872345,0.16290508955717087,0.26517304703593253
tok=TSD|model=CLaMP-2|vel=on|quant=on,100,100,100,10,0.1436774790287018,0.007877764006598136,0.12859728932380676,0.15441137552261353,0.13034955970942974,0.15418444722890853
tok=TSD|model=CLaMP-2|vel=on|quant=on,200,119,119,10,0.13447881788015364,6.828569911354541e-09,0.13447880744934082,0.13447882235050201,0.13447880744934082,0.13447882235050201
tok=TSD|model=CLaMP-2|vel=on|quant=on,500,119,119,10,0.13447881489992142,7.450580596923828e-09,0.13447880744934082,0.13447882235050201,0.13447880744934082,0.13447882235050201
tok=TSD|model=CLaMP-2|vel=off|quant=on,50,50,50,10,0.11942493095993996,0.0191559027229087,0.09014686942100525,0.15244431793689728,0.09359396398067474,0.1523829322308302
tok=TSD|model=CLaMP-2|vel=off|quant=on,100,100,100,10,0.08183678910136223,0.004413157374611413,0.0743575394153595,0.09019375592470169,0.07496735639870167,0.08950770888477563
tok=TSD|model=CLaMP-2|vel=off|quant=on,200,119,119,10,0.07008710503578186,0.0,0.07008710503578186,0.07008710503578186,0.07008710503578186,0.07008710503578186
tok=TSD|model=CLaMP-2|vel=off|quant=on,500,119,119,10,0.07008710503578186,0.0,0.07008710503578186,0.07008710503578186,0.07008710503578186,0.07008710503578186
tok=Octuple|model=MusicBERT|vel=on|quant=off,50,50,50,10,11.444045162200927,1.2006348189398168,9.845521926879883,13.868266105651855,9.925371074676514,13.735928916931153
tok=Octuple|model=MusicBERT|vel=on|quant=off,100,100,100,10,7.434227848052979,0.3005144711914532,7.002003192901611,7.928772449493408,7.017655277252198,7.911519515514374
tok=Octuple|model=MusicBERT|vel=on|quant=off,200,119,118,10,6.602409029006958,4.792154131470151e-07,6.602408409118652,6.602409839630127,6.602408409118652,6.6024097323417665
tok=Octuple|model=MusicBERT|vel=on|quant=off,500,119,118,10,6.602409362792969,4.264961199760036e-07,6.602408409118652,6.602410316467285,6.602408623695373,6.602410101890564
tok=Octuple|model=MusicBERT|vel=off|quant=off,50,50,50,10,11.754596996307374,1.1166949144833906,10.115501403808594,13.965513229370117,10.24500789642334,13.747515296936035
tok=Octuple|model=MusicBERT|vel=off|quant=off,100,100,100,10,7.182937526702881,0.31932720480875704,6.704952716827393,7.710446834564209,6.721124076843262,7.687369000911713
tok=Octuple|model=MusicBERT|vel=off|quant=off,200,119,118,10,6.402813339233399,5.955694197080992e-07,6.402812480926514,6.4028143882751465,6.402812588214874,6.402814280986786
tok=Octuple|model=MusicBERT|vel=off|quant=off,500,119,118,10,6.402813386917114,3.9609069170561197e-07,6.402812957763672,6.402813911437988,6.402812957763672,6.402813911437988
tok=Octuple|model=MusicBERT|vel=on|quant=on,50,50,50,10,11.246859741210937,0.36069633740677176,10.559357643127441,11.762894630432129,10.626999306678773,11.735503268241882
tok=Octuple|model=MusicBERT|vel=on|quant=on,100,100,100,10,7.31135139465332,0.3764463247222877,6.555690765380859,7.920570373535156,6.643410265445709,7.860971474647522
tok=Octuple|model=MusicBERT|vel=on|quant=on,200,119,118,10,6.602409505844117,4.2915344238281246e-07,6.6024088859558105,6.602410316467285,6.6024088859558105,6.602410209178925
tok=Octuple|model=MusicBERT|vel=on|quant=on,500,119,118,10,6.60240912437439,3.844384073399806e-07,6.602408409118652,6.602409839630127,6.602408516407013,6.6024097323417665
tok=Octuple|model=MusicBERT|vel=off|quant=on,50,50,50,10,11.1367356300354,1.0684876373186247,9.55058765411377,13.103813171386719,9.608580660820007,12.876360559463501
tok=Octuple|model=MusicBERT|vel=off|quant=on,100,100,100,10,7.300651741027832,0.42341806698866125,6.644101142883301,8.140374183654785,6.687819647789001,8.023917603492738
tok=Octuple|model=MusicBERT|vel=off|quant=on,200,119,118,10,6.402813386917114,4.978326086478496e-07,6.402812957763672,6.4028143882751465,6.402812957763672,6.402814280986786
tok=Octuple|model=MusicBERT|vel=off|quant=on,500,119,118,10,6.402813720703125,6.810596874754762e-07,6.402812480926514,6.402814865112305,6.402812588214874,6.402814757823944
tok=Octuple|model=MusicBERT-large|vel=on|quant=off,50,50,50,10,22.27924346923828,1.107448275862325,20.739938735961914,24.80565071105957,20.820119190216065,24.376280975341796
tok=Octuple|model=MusicBERT-large|vel=on|quant=off,100,100,100,10,15.352870178222656,0.4338799446100392,14.366070747375488,15.993962287902832,14.491921496391296,15.940987586975098
tok=Octuple|model=MusicBERT-large|vel=on|quant=off,200,119,118,10,13.95556640625,4.264961199760036e-07,13.955565452575684,13.955567359924316,13.955565667152404,13.955567145347596
tok=Octuple|model=MusicBERT-large|vel=on|quant=off,500,119,118,10,13.955566501617431,6.675720214843751e-07,13.955565452575684,13.955567359924316,13.955565452575684,13.955567359924316
tok=Octuple|model=MusicBERT-large|vel=off|quant=off,50,50,50,10,20.692256355285643,1.2773287997358513,18.141807556152344,22.318851470947266,18.38003878593445,22.22174391746521
tok=Octuple|model=MusicBERT-large|vel=off|quant=off,100,100,100,10,14.075514030456542,0.3742300954892232,13.342864036560059,14.596665382385254,13.410180616378785,14.593291163444519
tok=Octuple|model=MusicBERT-large|vel=off|quant=off,200,119,118,10,12.923382186889649,4.672030911985737e-07,12.923381805419922,12.923382759094238,12.923381805419922,12.923382759094238
tok=Octuple|model=MusicBERT-large|vel=off|quant=off,500,119,118,10,12.923382186889649,6.325959759436416e-07,12.923381805419922,12.923383712768555,12.923381805419922,12.923383498191834
tok=Octuple|model=MusicBERT-large|vel=on|quant=on,50,50,50,10,21.843931007385255,0.8943009689488692,20.411624908447266,23.379959106445312,20.499227571487427,23.284007263183593
tok=Octuple|model=MusicBERT-large|vel=on|quant=on,100,100,100,10,15.399211502075195,0.3187822894263444,15.092300415039062,16.020822525024414,15.093243265151978,16.00485415458679
tok=Octuple|model=MusicBERT-large|vel=on|quant=on,200,119,118,10,13.955566310882569,2.86102294921875e-07,13.955565452575684,13.95556640625,13.955565667152404,13.95556640625
tok=Octuple|model=MusicBERT-large|vel=on|quant=on,500,119,118,10,13.955566692352296,4.370284743266906e-07,13.95556640625,13.955567359924316,13.95556640625,13.955567359924316
tok=Octuple|model=MusicBERT-large|vel=off|quant=on,50,50,50,10,21.236405754089354,0.9306088716775298,19.945781707763672,22.88812255859375,19.985548353195192,22.77445182800293
tok=Octuple|model=MusicBERT-large|vel=off|quant=on,100,100,100,10,14.25820713043213,0.31766554805674463,13.599359512329102,14.827984809875488,13.68566699028015,14.755043745040894
tok=Octuple|model=MusicBERT-large|vel=off|quant=on,200,119,118,10,12.923381996154784,5.7220458984375e-07,12.923380851745605,12.923382759094238,12.923381066322326,12.923382759094238
tok=Octuple|model=MusicBERT-large|vel=off|quant=on,500,119,118,10,12.923381900787353,2.86102294921875e-07,12.923381805419922,12.923382759094238,12.923381805419922,12.923382544517517
tok=Octuple|model=MERT|vel=on|quant=off,50,50,50,10,1237.7382080078125,10.637718475240936,1208.9581298828125,1247.368896484375,1214.189599609375,1247.0565277099608
tok=Octuple|model=MERT|vel=on|quant=off,100,100,100,10,1082.3423217773438,5.609765494536343,1072.28369140625,1090.2393798828125,1073.5596710205077,1089.8460968017578
tok=Octuple|model=MERT|vel=on|quant=off,200,119,118,10,1037.0025634765625,0.0,1037.0025634765625,1037.0025634765625,1037.0025634765625,1037.0025634765625
tok=Octuple|model=MERT|vel=on|quant=off,500,119,118,10,1037.0025634765625,0.0,1037.0025634765625,1037.0025634765625,1037.0025634765625,1037.0025634765625
tok=Octuple|model=MERT|vel=off|quant=off,50,50,50,10,1240.593896484375,9.673260788681395,1222.703369140625,1253.542724609375,1223.242660522461,1252.5947692871093
tok=Octuple|model=MERT|vel=off|quant=off,100,100,100,10,1085.602001953125,3.642278760701958,1081.8704833984375,1095.2769775390625,1081.9999572753907,1093.480191040039
tok=Octuple|model=MERT|vel=off|quant=off,200,119,118,10,1042.961181640625,0.0,1042.961181640625,1042.961181640625,1042.961181640625,1042.961181640625
tok=Octuple|model=MERT|vel=off|quant=off,500,119,118,10,1042.961181640625,0.0,1042.961181640625,1042.961181640625,1042.961181640625,1042.961181640625
tok=Octuple|model=MERT|vel=on|quant=on,50,50,50,10,1236.5808715820312,12.789978353329053,1218.7266845703125,1254.92529296875,1219.0737426757812,1254.7378662109375
tok=Octuple|model=MERT|vel=on|quant=on,100,100,100,10,1078.8901733398438,3.524103159331229,1075.4500732421875,1088.795166015625,1075.6779846191407,1086.742041015625
tok=Octuple|model=MERT|vel=on|quant=on,200,119,118,10,1037.0025634765625,0.0,1037.0025634765625,1037.0025634765625,1037.0025634765625,1037.0025634765625
tok=Octuple|model=MERT|vel=on|quant=on,500,119,118,10,1037.0025634765625,0.0,1037.0025634765625,1037.0025634765625,1037.0025634765625,1037.0025634765625
tok=Octuple|model=MERT|vel=off|quant=on,50,50,50,10,1241.3502075195313,8.250895580436582,1223.504638671875,1250.3193359375,1224.8827911376952,1250.2018646240235
tok=Octuple|model=MERT|vel=off|quant=on,100,100,100,10,1086.137451171875,3.4556254167465097,1082.5654296875,1095.1519775390625,1082.6028106689453,1093.4535186767578
tok=Octuple|model=MERT|vel=off|quant=on,200,119,118,10,1042.961181640625,0.0,1042.961181640625,1042.961181640625,1042.961181640625,1042.961181640625
tok=Octuple|model=MERT|vel=off|quant=on,500,119,118,10,1042.961181640625,0.0,1042.961181640625,1042.961181640625,1042.961181640625,1042.961181640625
tok=Octuple|model=NLP-Baseline|vel=on|quant=off,50,50,50,10,0.5327900767326355,0.0644877990036269,0.4050446152687073,0.6575419902801514,0.4256507530808449,0.6440522491931916
tok=Octuple|model=NLP-Baseline|vel=on|quant=off,100,100,100,10,0.2902848690748215,0.020818050630888502,0.25215041637420654,0.32170554995536804,0.2545757435262203,0.3187634214758873
tok=Octuple|model=NLP-Baseline|vel=on|quant=off,200,119,118,10,0.25433272421360015,8.940696716308593e-09,0.2543327212333679,0.2543327510356903,0.2543327212333679,0.2543327443301678
tok=Octuple|model=NLP-Baseline|vel=on|quant=off,500,119,118,10,0.25433273017406466,1.3657139822709082e-08,0.2543327212333679,0.2543327510356903,0.2543327212333679,0.2543327510356903
tok=Octuple|model=NLP-Baseline|vel=off|quant=off,50,50,50,10,0.45208032727241515,0.04820425466638898,0.357431024312973,0.5321717262268066,0.36880175322294234,0.5233651019632817
tok=Octuple|model=NLP-Baseline|vel=off|quant=off,100,100,100,10,0.261218798160553,0.01497121426491576,0.23647090792655945,0.29133012890815735,0.23842973858118058,0.2876348696649075
tok=Octuple|model=NLP-Baseline|vel=off|quant=off,200,119,118,10,0.23471713662147523,9.8843121241194e-09,0.23471713066101074,0.23471716046333313,0.23471713066101074,0.23471715711057187
tok=Octuple|model=NLP-Baseline|vel=off|quant=off,500,119,118,10,0.23471713364124297,5.960464477539063e-09,0.23471713066101074,0.23471714556217194,0.23471713066101074,0.23471714556217194
tok=Octuple|model=NLP-Baseline|vel=on|quant=on,50,50,50,10,0.4951981961727142,0.0634830378827898,0.3884676694869995,0.6188051700592041,0.39851594194769857,0.6012691289186478
tok=Octuple|model=NLP-Baseline|vel=on|quant=on,100,100,100,10,0.29509958028793337,0.020155125945263534,0.25817933678627014,0.3318030536174774,0.2611909881234169,0.3281196765601635
tok=Octuple|model=NLP-Baseline|vel=on|quant=on,200,119,118,10,0.25433272421360015,8.940696716308593e-09,0.2543327212333679,0.2543327510356903,0.2543327212333679,0.2543327443301678
tok=Octuple|model=NLP-Baseline|vel=on|quant=on,500,119,118,10,0.2543327212333679,0.0,0.2543327212333679,0.2543327212333679,0.2543327212333679,0.2543327212333679
tok=Octuple|model=NLP-Baseline|vel=off|quant=on,50,50,50,10,0.4483331024646759,0.029147917518714987,0.40330708026885986,0.4936399459838867,0.40457644909620283,0.49148242399096487
tok=Octuple|model=NLP-Baseline|vel=off|quant=on,100,100,100,10,0.27128920555114744,0.017898369262141223,0.23991084098815918,0.298964262008667,0.24247706457972526,0.2977327324450016
tok=Octuple|model=NLP-Baseline|vel=off|quant=on,200,119,118,10,0.23471713662147523,9.8843121241194e-09,0.23471713066101074,0.23471716046333313,0.23471713066101074,0.23471715711057187
tok=Octuple|model=NLP-Baseline|vel=off|quant=on,500,119,118,10,0.2347171351313591,6.828569911354541e-09,0.23471713066101074,0.23471714556217194,0.23471713066101074,0.23471714556217194
tok=Octuple|model=CLaMP-1|vel=on|quant=off,50,50,50,10,0.027084528096020223,0.002605931381791041,0.021396277472376823,0.031357042491436005,0.02238967423327267,0.031223421543836595
tok=Octuple|model=CLaMP-1|vel=on|quant=off,100,100,100,10,0.01647421158850193,0.0009184129108700999,0.014949488453567028,0.018038619309663773,0.015040309727191925,0.017844223696738482
tok=Octuple|model=CLaMP-1|vel=on|quant=off,200,119,118,10,0.014514594059437513,8.381903171539307e-10,0.014514592476189137,0.01451459527015686,0.014514592685736715,0.01451459527015686
tok=Octuple|model=CLaMP-1|vel=on|quant=off,500,119,118,10,0.014514594059437513,7.273861836555093e-10,0.014514593407511711,0.01451459527015686,0.014514593407511711,0.01451459527015686
tok=Octuple|model=CLaMP-1|vel=off|quant=off,50,50,50,10,0.02536397110670805,0.0012471771794836904,0.024047551676630974,0.028782805427908897,0.02413051575422287,0.028092876309528947
tok=Octuple|model=CLaMP-1|vel=off|quant=off,100,100,100,10,0.01588424704968929,0.0006270116076545977,0.01506878063082695,0.017038455232977867,0.015107003366574645,0.016963957296684384
tok=Octuple|model=CLaMP-1|vel=off|quant=off,200,119,118,10,0.013837255444377661,5.015325552909173e-10,0.013837254606187344,0.013837256468832493,0.013837254606187344,0.013837256259284914
tok=Octuple|model=CLaMP-1|vel=off|quant=off,500,119,118,10,0.013837255444377661,5.015325552909173e-10,0.013837254606187344,0.013837256468832493,0.013837254606187344,0.013837256259284914
tok=Octuple|model=CLaMP-1|vel=on|quant=on,50,50,50,10,0.02728272583335638,0.0034853250265406387,0.021914035081863403,0.032273031771183014,0.02227687928825617,0.03192649707198143
tok=Octuple|model=CLaMP-1|vel=on|quant=on,100,100,100,10,0.016561139747500418,0.0005384902512320875,0.015954192727804184,0.01770840212702751,0.015964400209486484,0.017559575149789453
tok=Octuple|model=CLaMP-1|vel=on|quant=on,200,119,118,10,0.014514594152569772,1.30385160446167e-09,0.014514591544866562,0.014514596201479435,0.01451459196396172,0.014514595991931856
tok=Octuple|model=CLaMP-1|vel=on|quant=on,500,119,118,10,0.0145145945250988,8.119081973173979e-10,0.014514593407511711,0.01451459527015686,0.014514593407511711,0.01451459527015686
tok=Octuple|model=CLaMP-1|vel=off|quant=on,50,50,50,10,0.026874340511858462,0.001815602993859708,0.02421087957918644,0.030178874731063843,0.024262180598452688,0.02982759294100106
tok=Octuple|model=CLaMP-1|vel=off|quant=on,100,100,100,10,0.015642869006842374,0.0008735288859575789,0.014617502689361572,0.017594411969184875,0.014640749478712679,0.017323676496744156
tok=Octuple|model=CLaMP-1|vel=off|quant=on,200,119,118,10,0.013837255071848631,6.24750175746099e-10,0.013837253674864769,0.013837255537509918,0.013837253884412348,0.013837255537509918
tok=Octuple|model=CLaMP-1|vel=off|quant=on,500,119,118,10,0.013837255630642175,2.7939677238464354e-10,0.013837255537509918,0.013837256468832493,0.013837255537509918,0.013837256259284914
tok=Octuple|model=CLaMP-2|vel=on|quant=off,50,50,50,10,0.019171058386564254,0.0073648577427332254,0.010678006336092949,0.03648953139781952,0.011159596545621753,0.03399309385567904
tok=Octuple|model=CLaMP-2|vel=on|quant=off,100,100,100,10,0.01309721525758505,0.002141387547174258,0.010603564791381359,0.01717989705502987,0.010695906542241573,0.016935023106634618
tok=Octuple|model=CLaMP-2|vel=on|quant=off,200,119,118,10,0.011691434495151042,3.7252902984619143e-10,0.011691434308886528,0.011691435240209103,0.011691434308886528,0.011691435240209103
tok=Octuple|model=CLaMP-2|vel=on|quant=off,500,119,118,10,0.011691434774547815,6.24750175746099e-10,0.011691434308886528,0.011691436171531677,0.011691434308886528,0.011691435961984098
tok=Octuple|model=CLaMP-2|vel=off|quant=off,50,50,50,10,0.014500656723976135,0.0034697175301976664,0.010588372126221657,0.020712027326226234,0.010671723657287658,0.020393416099250317
tok=Octuple|model=CLaMP-2|vel=off|quant=off,100,100,100,10,0.008872946305200458,0.0008835800392824713,0.00778197729960084,0.01087372936308384,0.007837204716634006,0.010585585935041308
tok=Octuple|model=CLaMP-2|vel=off|quant=off,200,119,118,10,0.0078046951908618215,5.529421422182544e-10,0.007804694585502148,0.007804696448147297,0.007804694585502148,0.007804696238599718
tok=Octuple|model=CLaMP-2|vel=off|quant=off,500,119,118,10,0.007804694725200534,7.229007173450675e-10,0.007804693654179573,0.007804695516824722,0.007804693654179573,0.007804695516824722
tok=Octuple|model=CLaMP-2|vel=on|quant=on,50,50,50,10,0.020246947836130857,0.0062430386163825615,0.012476567178964615,0.03295888379216194,0.01259475452825427,0.03208060450851918
tok=Octuple|model=CLaMP-2|vel=on|quant=on,100,100,100,10,0.012014253344386817,0.0024781762911259553,0.008113166317343712,0.01619061455130577,0.008272840734571218,0.015676927100867034
tok=Octuple|model=CLaMP-2|vel=on|quant=on,200,119,118,10,0.011691434029489755,7.273861836555093e-10,0.011691432446241379,0.011691435240209103,0.011691432655788958,0.011691435030661524
tok=Octuple|model=CLaMP-2|vel=on|quant=on,500,119,118,10,0.011691434588283301,7.273861836555093e-10,0.011691433377563953,0.011691436171531677,0.011691433587111532,0.011691435961984098
tok=Octuple|model=CLaMP-2|vel=off|quant=on,50,50,50,10,0.01567375995218754,0.0027402856954288884,0.011932268738746643,0.020955456420779228,0.012051386060193181,0.020653889793902636
tok=Octuple|model=CLaMP-2|vel=off|quant=on,100,100,100,10,0.008863629400730133,0.0013965189702542277,0.005973411723971367,0.011156704276800156,0.006405389448627829,0.011037294426932931
tok=Octuple|model=CLaMP-2|vel=off|quant=on,200,119,118,10,0.0078046949114650484,7.805905590877034e-10,0.007804693654179573,0.00780469598248601,0.007804693654179573,0.00780469587771222
tok=Octuple|model=CLaMP-2|vel=off|quant=on,500,119,118,10,0.007804694678634405,6.843795281229107e-10,0.007804693654179573,0.007804695516824722,0.007804693654179573,0.007804695516824722
tok=MIDI-Like|model=MusicBERT|vel=on|quant=off,50,50,50,10,11.687996006011963,1.2117669061104581,9.904892921447754,13.263810157775879,9.95714600086212,13.23739833831787
tok=MIDI-Like|model=MusicBERT|vel=on|quant=off,100,100,100,10,7.764257526397705,0.19021761337707768,7.404850482940674,7.977487564086914,7.413787710666656,7.9762022495269775
tok=MIDI-Like|model=MusicBERT|vel=on|quant=off,200,119,119,10,7.0331624984741214,4.6720309119857363e-07,7.033161640167236,7.033163070678711,7.033161747455597,7.033163070678711
tok=MIDI-Like|model=MusicBERT|vel=on|quant=off,500,119,119,10,7.033162355422974,5.331201499700045e-07,7.033161640167236,7.033163547515869,7.033161747455597,7.033163440227509
tok=MIDI-Like|model=MusicBERT|vel=off|quant=off,50,50,50,10,10.788882541656495,0.6806246638499057,9.411306381225586,12.155834197998047,9.649644899368287,11.981034207344056
tok=MIDI-Like|model=MusicBERT|vel=off|quant=off,100,100,100,10,7.391399097442627,0.30654255803765623,6.683403491973877,7.878477573394775,6.793134272098541,7.8517338037490845
tok=MIDI-Like|model=MusicBERT|vel=off|quant=off,200,119,119,10,6.720590353012085,5.331201499700045e-07,6.720589637756348,6.7205915451049805,6.720589637756348,6.72059133052826
tok=MIDI-Like|model=MusicBERT|vel=off|quant=off,500,119,119,10,6.72059063911438,2.5678466830894965e-07,6.720590114593506,6.720591068267822,6.720590221881866,6.720591068267822
tok=MIDI-Like|model=MusicBERT|vel=on|quant=on,50,50,50,10,11.7357834815979,1.323083282153291,9.906889915466309,14.275836944580078,10.020860195159912,13.949115133285524
tok=MIDI-Like|model=MusicBERT|vel=on|quant=on,100,100,100,10,7.8241791248321535,0.2189784829441723,7.543003559112549,8.16973876953125,7.543189918994903,8.153980469703674
tok=MIDI-Like|model=MusicBERT|vel=on|quant=on,200,119,119,10,7.0331624984741214,5.135693366178993e-07,7.0331621170043945,7.033163547515869,7.0331621170043945,7.033163440227509
tok=MIDI-Like|model=MusicBERT|vel=on|quant=on,500,119,119,10,7.0331627368927006,6.050385256027947e-07,7.0331621170043945,7.033164024353027,7.0331621170043945,7.0331638097763065
tok=MIDI-Like|model=MusicBERT|vel=off|quant=on,50,50,50,10,11.11950626373291,1.4740725063815372,9.268238067626953,14.252062797546387,9.331487345695496,13.936387181282043
tok=MIDI-Like|model=MusicBERT|vel=off|quant=on,100,100,100,10,7.57333550453186,0.22953673271822456,7.107758045196533,7.865998268127441,7.163163471221924,7.8566675066947935
tok=MIDI-Like|model=MusicBERT|vel=off|quant=on,200,119,119,10,6.72059063911438,3.3378601074218753e-07,6.720590114593506,6.720591068267822,6.720590114593506,6.720591068267822
tok=MIDI-Like|model=MusicBERT|vel=off|quant=on,500,119,119,10,6.720590734481812,5.245208740234374e-07,6.720590114593506,6.7205915451049805,6.720590114593506,6.7205915451049805
tok=MIDI-Like|model=MusicBERT-large|vel=on|quant=off,50,50,50,10,22.34282112121582,1.2249761494878528,20.7160587310791,24.50189208984375,20.879112577438356,24.48913335800171
tok=MIDI-Like|model=MusicBERT-large|vel=on|quant=off,100,100,100,10,16.047033023834228,0.382347785343639,15.227269172668457,16.603605270385742,15.327123093605042,16.566165924072266
tok=MIDI-Like|model=MusicBERT-large|vel=on|quant=off,200,119,119,10,14.547755908966064,4.370284743266906e-07,14.547755241394043,14.54775619506836,14.547755241394043,14.54775619506836
tok=MIDI-Like|model=MusicBERT-large|vel=on|quant=off,500,119,119,10,14.547755813598632,4.672030911985737e-07,14.547755241394043,14.54775619506836,14.547755241394043,14.54775619506836
tok=MIDI-Like|model=MusicBERT-large|vel=off|quant=off,50,50,50,10,19.524699020385743,0.9257751810237018,18.283906936645508,21.159137725830078,18.35807752609253,21.064442014694215
tok=MIDI-Like|model=MusicBERT-large|vel=off|quant=off,100,100,100,10,13.763739776611327,0.4435228250556598,13.153608322143555,14.787073135375977,13.173156905174256,14.623418259620667
tok=MIDI-Like|model=MusicBERT-large|vel=off|quant=off,200,119,119,10,12.730786037445068,4.370284743266906e-07,12.730785369873047,12.730786323547363,12.730785369873047,12.730786323547363
tok=MIDI-Like|model=MusicBERT-large|vel=off|quant=off,500,119,119,10,12.730786609649659,4.370284743266906e-07,12.730786323547363,12.73078727722168,12.730786323547363,12.73078727722168
tok=MIDI-Like|model=MusicBERT-large|vel=on|quant=on,50,50,50,10,21.59094352722168,1.517028546775787,20.04364585876465,25.078231811523438,20.04766230583191,24.514749479293823
tok=MIDI-Like|model=MusicBERT-large|vel=on|quant=on,100,100,100,10,15.90927209854126,0.49121220754988704,14.939617156982422,16.741676330566406,15.052202558517456,16.668455028533934
tok=MIDI-Like|model=MusicBERT-large|vel=on|quant=on,200,119,119,10,14.54775562286377,4.672030911985737e-07,14.547755241394043,14.54775619506836,14.547755241394043,14.54775619506836
tok=MIDI-Like|model=MusicBERT-large|vel=on|quant=on,500,119,119,10,14.547755718231201,6.397441799640054e-07,14.547754287719727,14.54775619506836,14.547754502296447,14.54775619506836
tok=MIDI-Like|model=MusicBERT-large|vel=off|quant=on,50,50,50,10,19.165556335449217,0.6295942751997922,18.115812301635742,20.078723907470703,18.19227714538574,19.99985280036926
tok=MIDI-Like|model=MusicBERT-large|vel=off|quant=on,100,100,100,10,13.888040924072266,0.27439079121669385,13.51623821258545,14.408721923828125,13.544337248802185,14.37322449684143
tok=MIDI-Like|model=MusicBERT-large|vel=off|quant=on,200,119,119,10,12.730786228179932,6.675720214843751e-07,12.730785369873047,12.73078727722168,12.730785369873047,12.73078727722168
tok=MIDI-Like|model=MusicBERT-large|vel=off|quant=on,500,119,119,10,12.730786228179932,5.135693366178993e-07,12.730785369873047,12.73078727722168,12.730785369873047,12.730787062644959
tok=MIDI-Like|model=MERT|vel=on|quant=off,50,50,50,10,1235.3485229492187,10.408546601353107,1214.7608642578125,1247.455810546875,1215.831069946289,1247.3508911132812
tok=MIDI-Like|model=MERT|vel=on|quant=off,100,100,100,10,1080.106298828125,5.348496582625436,1074.194580078125,1092.0111083984375,1074.329327392578,1091.0805114746095
tok=MIDI-Like|model=MERT|vel=on|quant=off,200,119,119,10,1036.1875,0.0,1036.1875,1036.1875,1036.1875,1036.1875
tok=MIDI-Like|model=MERT|vel=on|quant=off,500,119,119,10,1036.1875,0.0,1036.1875,1036.1875,1036.1875,1036.1875
tok=MIDI-Like|model=MERT|vel=off|quant=off,50,50,50,10,1229.6926391601562,11.232281335320605,1205.599853515625,1241.7296142578125,1207.2762023925782,1241.3745361328124
tok=MIDI-Like|model=MERT|vel=off|quant=off,100,100,100,10,1074.55517578125,5.297463335992297,1065.8443603515625,1084.0836181640625,1067.050357055664,1083.8906707763672
tok=MIDI-Like|model=MERT|vel=off|quant=off,200,119,119,10,1030.3642578125,0.0,1030.3642578125,1030.3642578125,1030.3642578125,1030.3642578125
tok=MIDI-Like|model=MERT|vel=off|quant=off,500,119,119,10,1030.3642578125,0.0,1030.3642578125,1030.3642578125,1030.3642578125,1030.3642578125
tok=MIDI-Like|model=MERT|vel=on|quant=on,50,50,50,10,1234.6458862304687,12.011258921987878,1210.7545166015625,1248.346923828125,1212.4251800537108,1247.194677734375
tok=MIDI-Like|model=MERT|vel=on|quant=on,100,100,100,10,1080.5820434570312,3.7358243761002927,1076.76953125,1088.9306640625,1076.847149658203,1088.2371520996094
tok=MIDI-Like|model=MERT|vel=on|quant=on,200,119,119,10,1036.1875,0.0,1036.1875,1036.1875,1036.1875,1036.1875
tok=MIDI-Like|model=MERT|vel=on|quant=on,500,119,119,10,1036.1875,0.0,1036.1875,1036.1875,1036.1875,1036.1875
tok=MIDI-Like|model=MERT|vel=off|quant=on,50,50,50,10,1226.242919921875,8.914681211224561,1201.34619140625,1234.2037353515625,1206.6724182128905,1234.033639526367
tok=MIDI-Like|model=MERT|vel=off|quant=on,100,100,100,10,1074.916943359375,4.152982696796256,1069.926513671875,1082.032470703125,1069.9303314208985,1081.7995330810547
tok=MIDI-Like|model=MERT|vel=off|quant=on,200,119,119,10,1030.3642578125,0.0,1030.3642578125,1030.3642578125,1030.3642578125,1030.3642578125
tok=MIDI-Like|model=MERT|vel=off|quant=on,500,119,119,10,1030.3642578125,0.0,1030.3642578125,1030.3642578125,1030.3642578125,1030.3642578125
tok=MIDI-Like|model=NLP-Baseline|vel=on|quant=off,50,50,50,10,0.27684075087308885,0.03505075067914738,0.2135060578584671,0.327756404876709,0.218009040877223,0.3246509499847889
tok=MIDI-Like|model=NLP-Baseline|vel=on|quant=off,100,100,100,10,0.1850253537297249,0.009783142924464026,0.16099046170711517,0.19851969182491302,0.16472864300012588,0.19759475886821748
tok=MIDI-Like|model=NLP-Baseline|vel=on|quant=off,200,119,119,10,0.16234461814165116,1.043081283569336e-08,0.16234460473060608,0.16234463453292847,0.16234460473060608,0.16234463453292847
tok=MIDI-Like|model=NLP-Baseline|vel=on|quant=off,500,119,119,10,0.1623446211218834,1.0430812835693359e-08,0.16234460473060608,0.16234463453292847,0.16234460473060608,0.16234463453292847
tok=MIDI-Like|model=NLP-Baseline|vel=off|quant=off,50,50,50,10,0.2721409976482391,0.036125717057501304,0.23393690586090088,0.3434739112854004,0.23401532024145127,0.3364698924124241
tok=MIDI-Like|model=NLP-Baseline|vel=off|quant=off,100,100,100,10,0.15556827932596207,0.013498912705531382,0.1389986276626587,0.18766269087791443,0.1397501088678837,0.1829266306012869
tok=MIDI-Like|model=NLP-Baseline|vel=off|quant=off,200,119,119,10,0.13922544419765473,9.884312124119402e-09,0.13922542333602905,0.13922545313835144,0.13922542668879032,0.13922545313835144
tok=MIDI-Like|model=NLP-Baseline|vel=off|quant=off,500,119,119,10,0.13922544419765473,7.300048299977714e-09,0.13922543823719025,0.13922545313835144,0.13922543823719025,0.13922545313835144
tok=MIDI-Like|model=NLP-Baseline|vel=on|quant=on,50,50,50,10,0.2844198033213615,0.043186835606377705,0.22334061563014984,0.3618982434272766,0.22662809863686562,0.3558935955166817
tok=MIDI-Like|model=NLP-Baseline|vel=on|quant=on,100,100,100,10,0.1950550764799118,0.019708861766963955,0.17289485037326813,0.24796085059642792,0.17375123612582682,0.23833320550620557
tok=MIDI-Like|model=NLP-Baseline|vel=on|quant=on,200,119,119,10,0.16234461665153505,8.940696716308593e-09,0.16234460473060608,0.16234463453292847,0.16234460473060608,0.1623446311801672
tok=MIDI-Like|model=NLP-Baseline|vel=on|quant=on,500,119,119,10,0.1623446151614189,9.541398640621974e-09,0.16234460473060608,0.16234463453292847,0.16234460473060608,0.1623446311801672
tok=MIDI-Like|model=NLP-Baseline|vel=off|quant=on,50,50,50,10,0.2456476494669914,0.037905897408741736,0.2151666283607483,0.3529777526855469,0.21527694761753083,0.3301389575004578
tok=MIDI-Like|model=NLP-Baseline|vel=off|quant=on,100,100,100,10,0.15506113320589066,0.018353901579895537,0.13283506035804749,0.20219607651233673,0.13335613980889321,0.1929606106132269
tok=MIDI-Like|model=NLP-Baseline|vel=off|quant=on,200,119,119,10,0.13922544866800307,9.541398640621974e-09,0.13922543823719025,0.13922546803951263,0.13922543823719025,0.13922546468675137
tok=MIDI-Like|model=NLP-Baseline|vel=off|quant=on,500,119,119,10,0.13922544270753862,6.828569911354541e-09,0.13922543823719025,0.13922545313835144,0.13922543823719025,0.13922545313835144
tok=MIDI-Like|model=CLaMP-1|vel=on|quant=off,50,50,50,10,0.020708388276398183,0.0013151731143268106,0.01854008622467518,0.022805655375123024,0.018612689012661575,0.022599048586562274
tok=MIDI-Like|model=CLaMP-1|vel=on|quant=off,100,100,100,10,0.012786694243550301,0.00029413738173353593,0.012409776449203491,0.01342027261853218,0.01243701302446425,0.013371592620387673
tok=MIDI-Like|model=CLaMP-1|vel=on|quant=off,200,119,119,10,0.011196171212941409,5.963374150388733e-10,0.011196170002222061,0.01119617186486721,0.01119617021176964,0.01119617186486721
tok=MIDI-Like|model=CLaMP-1|vel=on|quant=off,500,119,119,10,0.011196171399205923,6.24750175746099e-10,0.011196170002222061,0.01119617186486721,0.01119617021176964,0.01119617186486721
tok=MIDI-Like|model=CLaMP-1|vel=off|quant=off,50,50,50,10,0.0210193682461977,0.001648283010377208,0.018467210233211517,0.023606546223163605,0.01851747022010386,0.023591746715828775
tok=MIDI-Like|model=CLaMP-1|vel=off|quant=off,100,100,100,10,0.012229930050671101,0.0004072573042050812,0.011730190366506577,0.013258646242320538,0.011761058610863984,0.013077116222120821
tok=MIDI-Like|model=CLaMP-1|vel=off|quant=off,200,119,119,10,0.010715838801115752,5.963374150388733e-10,0.010715837590396404,0.010715839453041553,0.010715837799943983,0.010715839453041553
tok=MIDI-Like|model=CLaMP-1|vel=off|quant=off,500,119,119,10,0.010715838801115752,4.267856194596589e-10,0.010715838521718979,0.010715839453041553,0.010715838521718979,0.010715839453041553
tok=MIDI-Like|model=CLaMP-1|vel=on|quant=on,50,50,50,10,0.021628904156386852,0.0015979324349995438,0.019304215908050537,0.024728376418352127,0.01944240415468812,0.024424176616594195
tok=MIDI-Like|model=CLaMP-1|vel=on|quant=on,100,100,100,10,0.012910500634461641,0.0005086972332566798,0.012329356744885445,0.01383213885128498,0.012352134566754103,0.013770681899040937
tok=MIDI-Like|model=CLaMP-1|vel=on|quant=on,200,119,119,10,0.011196171678602696,5.587935447692871e-10,0.011196170933544636,0.011196172796189785,0.011196170933544636,0.011196172586642206
tok=MIDI-Like|model=CLaMP-1|vel=on|quant=on,500,119,119,10,0.011196171771734953,7.736146322375234e-10,0.011196170933544636,0.011196172796189785,0.011196170933544636,0.011196172796189785
tok=MIDI-Like|model=CLaMP-1|vel=off|quant=on,50,50,50,10,0.021669367887079717,0.0012469999657241351,0.020046550780534744,0.02365204133093357,0.020085233263671398,0.023556012799963354
tok=MIDI-Like|model=CLaMP-1|vel=off|quant=on,100,100,100,10,0.012608855683356523,0.00035788007827992663,0.012061093002557755,0.013218593783676624,0.012107310816645622,0.013202616828493774
tok=MIDI-Like|model=CLaMP-1|vel=off|quant=on,200,119,119,10,0.010715838801115752,5.963374150388733e-10,0.010715837590396404,0.010715839453041553,0.010715837799943983,0.010715839453041553
tok=MIDI-Like|model=CLaMP-1|vel=off|quant=on,500,119,119,10,0.010715839080512523,4.562530187486071e-10,0.010715838521718979,0.010715839453041553,0.010715838521718979,0.010715839453041553
tok=MIDI-Like|model=CLaMP-2|vel=on|quant=off,50,50,50,10,0.13686420172452926,0.030589823470201435,0.09896885603666306,0.19458702206611633,0.10057892072945833,0.19248031452298164
tok=MIDI-Like|model=CLaMP-2|vel=on|quant=off,100,100,100,10,0.09155921787023544,0.006264884487120776,0.08055686950683594,0.10135608911514282,0.08127576019614935,0.10067124906927347
tok=MIDI-Like|model=CLaMP-2|vel=on|quant=off,200,119,119,10,0.08339190110564232,3.725290298461914e-09,0.08339189738035202,0.08339190483093262,0.08339189738035202,0.08339190483093262
tok=MIDI-Like|model=CLaMP-2|vel=on|quant=off,500,119,119,10,0.08339190185070038,3.650024149988857e-09,0.08339189738035202,0.08339190483093262,0.08339189738035202,0.08339190483093262
tok=MIDI-Like|model=CLaMP-2|vel=off|quant=off,50,50,50,10,0.07865902706980706,0.012929348440681237,0.060081206262111664,0.10506194829940796,0.060118789039552215,0.10155883748084307
tok=MIDI-Like|model=CLaMP-2|vel=off|quant=off,100,100,100,10,0.052585259452462195,0.003656525006884158,0.04818641394376755,0.05850515142083168,0.04827479608356953,0.05830694790929556
tok=MIDI-Like|model=CLaMP-2|vel=off|quant=off,200,119,119,10,0.047114711999893186,2.2351741790771484e-09,0.04711470752954483,0.04711471498012543,0.047114708367735146,0.04711471498012543
tok=MIDI-Like|model=CLaMP-2|vel=off|quant=off,500,119,119,10,0.0471147108823061,2.60770320892334e-09,0.04711470752954483,0.04711471498012543,0.04711470752954483,0.04711471498012543
tok=MIDI-Like|model=CLaMP-2|vel=on|quant=on,50,50,50,10,0.12160414308309556,0.022916614092118915,0.0919388011097908,0.1765117198228836,0.09312094114720822,0.16792255230247977
tok=MIDI-Like|model=CLaMP-2|vel=on|quant=on,100,100,100,10,0.08695831969380378,0.0060893992094710496,0.07792813330888748,0.09859650582075119,0.07887429930269718,0.09805368538945913
tok=MIDI-Like|model=CLaMP-2|vel=on|quant=on,200,119,119,10,0.08339190259575843,3.4142849556772704e-09,0.08339189738035202,0.08339190483093262,0.08339189738035202,0.08339190483093262
tok=MIDI-Like|model=CLaMP-2|vel=on|quant=on,500,119,119,10,0.08339189887046813,2.980232238769531e-09,0.08339189738035202,0.08339190483093262,0.08339189738035202,0.08339190483093262
tok=MIDI-Like|model=CLaMP-2|vel=off|quant=on,50,50,50,10,0.07285487800836563,0.015059233373229544,0.047019608318805695,0.10029005259275436,0.049970712140202524,0.09865297302603722
tok=MIDI-Like|model=CLaMP-2|vel=off|quant=on,100,100,100,10,0.051964160054922104,0.0026852667438250874,0.04812338203191757,0.057380978018045425,0.04841714259237051,0.056958647444844246
tok=MIDI-Like|model=CLaMP-2|vel=off|quant=on,200,119,119,10,0.04711471237242222,2.3853496601554934e-09,0.04711470752954483,0.04711471498012543,0.047114708367735146,0.04711471498012543
tok=MIDI-Like|model=CLaMP-2|vel=off|quant=on,500,119,119,10,0.04711471162736416,2.60770320892334e-09,0.04711470752954483,0.04711471498012543,0.04711470752954483,0.04711471498012543
